Algorithm;Dmin;Dmax;Cost;Time;Dimension;Density;File;
ConvexSplits;1;5;3709469;0.000398646;5;27.5385;/home/brice/Bureau/L3/OptiTenseurs/instances/trial_cos_like/instance_5_1_cos_like.txt
OneSideDimByDim;1;5;4640018;3.135e-06;5;27.5385;/home/brice/Bureau/L3/OptiTenseurs/instances/trial_cos_like/instance_5_1_cos_like.txt
GreedyEdgeSort;1;13;3709469;1.1323e-05;5;27.5385;/home/brice/Bureau/L3/OptiTenseurs/instances/trial_cos_like/instance_5_1_cos_like.txt
SplitsDimByDim;1;3;3710855;0.00589832;5;27.5385;/home/brice/Bureau/L3/OptiTenseurs/instances/trial_cos_like/instance_5_1_cos_like.txt
AllEdgeByEdge;1;13;3709469;0.0398046;5;27.5385;/home/brice/Bureau/L3/OptiTenseurs/instances/trial_cos_like/instance_5_1_cos_like.txt
ConvexSplits;1;5;47207;0.0003398;5;8.46154;/home/brice/Bureau/L3/OptiTenseurs/instances/trial_cos_like/instance_5_2_cos_like.txt
OneSideDimByDim;1;5;47245;3.125e-06;5;8.46154;/home/brice/Bureau/L3/OptiTenseurs/instances/trial_cos_like/instance_5_2_cos_like.txt
GreedyEdgeSort;1;13;47231;1.0469e-05;5;8.46154;/home/brice/Bureau/L3/OptiTenseurs/instances/trial_cos_like/instance_5_2_cos_like.txt
SplitsDimByDim;1;3;47282;0.00586639;5;8.46154;/home/brice/Bureau/L3/OptiTenseurs/instances/trial_cos_like/instance_5_2_cos_like.txt
AllEdgeByEdge;1;13;47207;0.0394229;5;8.46154;/home/brice/Bureau/L3/OptiTenseurs/instances/trial_cos_like/instance_5_2_cos_like.txt
ConvexSplits;1;5;34947;0.000376805;5;7.46154;/home/brice/Bureau/L3/OptiTenseurs/instances/trial_cos_like/instance_5_3_cos_like.txt
OneSideDimByDim;1;5;40365;2.708e-06;5;7.46154;/home/brice/Bureau/L3/OptiTenseurs/instances/trial_cos_like/instance_5_3_cos_like.txt
GreedyEdgeSort;1;13;46773;1.0414e-05;5;7.46154;/home/brice/Bureau/L3/OptiTenseurs/instances/trial_cos_like/instance_5_3_cos_like.txt
SplitsDimByDim;1;3;35163;0.0056686;5;7.46154;/home/brice/Bureau/L3/OptiTenseurs/instances/trial_cos_like/instance_5_3_cos_like.txt
AllEdgeByEdge;1;13;34947;0.0391624;5;7.46154;/home/brice/Bureau/L3/OptiTenseurs/instances/trial_cos_like/instance_5_3_cos_like.txt
ConvexSplits;1;5;899046;0.000354279;5;20.6923;/home/brice/Bureau/L3/OptiTenseurs/instances/trial_cos_like/instance_5_4_cos_like.txt
OneSideDimByDim;1;5;1860210;3.364e-06;5;20.6923;/home/brice/Bureau/L3/OptiTenseurs/instances/trial_cos_like/instance_5_4_cos_like.txt
GreedyEdgeSort;1;13;1309476;1.1226e-05;5;20.6923;/home/brice/Bureau/L3/OptiTenseurs/instances/trial_cos_like/instance_5_4_cos_like.txt
SplitsDimByDim;1;3;900290;0.0057012;5;20.6923;/home/brice/Bureau/L3/OptiTenseurs/instances/trial_cos_like/instance_5_4_cos_like.txt
AllEdgeByEdge;1;13;899046;0.0398242;5;20.6923;/home/brice/Bureau/L3/OptiTenseurs/instances/trial_cos_like/instance_5_4_cos_like.txt
ConvexSplits;1;5;3431555;0.000412945;5;20.3077;/home/brice/Bureau/L3/OptiTenseurs/instances/trial_cos_like/instance_5_0_cos_like.txt
OneSideDimByDim;1;5;3431620;2.852e-06;5;20.3077;/home/brice/Bureau/L3/OptiTenseurs/instances/trial_cos_like/instance_5_0_cos_like.txt
GreedyEdgeSort;1;13;3432795;1.0773e-05;5;20.3077;/home/brice/Bureau/L3/OptiTenseurs/instances/trial_cos_like/instance_5_0_cos_like.txt
SplitsDimByDim;1;3;3432795;0.00596907;5;20.3077;/home/brice/Bureau/L3/OptiTenseurs/instances/trial_cos_like/instance_5_0_cos_like.txt
AllEdgeByEdge;1;13;3431555;0.0397727;5;20.3077;/home/brice/Bureau/L3/OptiTenseurs/instances/trial_cos_like/instance_5_0_cos_like.txt
ConvexSplits;1;6;8047940;0.000670109;6;23.8125;/home/brice/Bureau/L3/OptiTenseurs/instances/trial_cos_like/instance_6_4_cos_like.txt
OneSideDimByDim;1;6;8358996;3.294e-06;6;23.8125;/home/brice/Bureau/L3/OptiTenseurs/instances/trial_cos_like/instance_6_4_cos_like.txt
GreedyEdgeSort;1;16;8411552;2.113e-05;6;23.8125;/home/brice/Bureau/L3/OptiTenseurs/instances/trial_cos_like/instance_6_4_cos_like.txt
SplitsDimByDim;1;3;8053544;0.00875244;6;23.8125;/home/brice/Bureau/L3/OptiTenseurs/instances/trial_cos_like/instance_6_4_cos_like.txt
AllEdgeByEdge;1;16;8047940;0.538217;6;23.8125;/home/brice/Bureau/L3/OptiTenseurs/instances/trial_cos_like/instance_6_4_cos_like.txt
ConvexSplits;1;6;20871884;0.000664401;6;32.9375;/home/brice/Bureau/L3/OptiTenseurs/instances/trial_cos_like/instance_6_3_cos_like.txt
OneSideDimByDim;1;6;20873276;3.002e-06;6;32.9375;/home/brice/Bureau/L3/OptiTenseurs/instances/trial_cos_like/instance_6_3_cos_like.txt
GreedyEdgeSort;1;16;20873308;1.3079e-05;6;32.9375;/home/brice/Bureau/L3/OptiTenseurs/instances/trial_cos_like/instance_6_3_cos_like.txt
SplitsDimByDim;1;3;20877568;0.00922709;6;32.9375;/home/brice/Bureau/L3/OptiTenseurs/instances/trial_cos_like/instance_6_3_cos_like.txt
AllEdgeByEdge;1;16;20871884;0.49628;6;32.9375;/home/brice/Bureau/L3/OptiTenseurs/instances/trial_cos_like/instance_6_3_cos_like.txt
ConvexSplits;1;6;2690951;0.000707693;6;29.6875;/home/brice/Bureau/L3/OptiTenseurs/instances/trial_cos_like/instance_6_2_cos_like.txt
OneSideDimByDim;1;6;7298656;3.121e-06;6;29.6875;/home/brice/Bureau/L3/OptiTenseurs/instances/trial_cos_like/instance_6_2_cos_like.txt
GreedyEdgeSort;1;16;8257763;1.431e-05;6;29.6875;/home/brice/Bureau/L3/OptiTenseurs/instances/trial_cos_like/instance_6_2_cos_like.txt
SplitsDimByDim;1;3;2950558;0.00936414;6;29.6875;/home/brice/Bureau/L3/OptiTenseurs/instances/trial_cos_like/instance_6_2_cos_like.txt
AllEdgeByEdge;1;16;2690944;0.497906;6;29.6875;/home/brice/Bureau/L3/OptiTenseurs/instances/trial_cos_like/instance_6_2_cos_like.txt
ConvexSplits;1;6;32362390;0.000690512;6;34.6875;/home/brice/Bureau/L3/OptiTenseurs/instances/trial_cos_like/instance_6_1_cos_like.txt
OneSideDimByDim;1;6;32785482;3.169e-06;6;34.6875;/home/brice/Bureau/L3/OptiTenseurs/instances/trial_cos_like/instance_6_1_cos_like.txt
GreedyEdgeSort;1;16;32785554;1.2762e-05;6;34.6875;/home/brice/Bureau/L3/OptiTenseurs/instances/trial_cos_like/instance_6_1_cos_like.txt
SplitsDimByDim;1;3;32368226;0.00902932;6;34.6875;/home/brice/Bureau/L3/OptiTenseurs/instances/trial_cos_like/instance_6_1_cos_like.txt
AllEdgeByEdge;1;16;32362390;0.498958;6;34.6875;/home/brice/Bureau/L3/OptiTenseurs/instances/trial_cos_like/instance_6_1_cos_like.txt
ConvexSplits;1;6;4877552;0.000768941;6;22.75;/home/brice/Bureau/L3/OptiTenseurs/instances/trial_cos_like/instance_6_0_cos_like.txt
OneSideDimByDim;1;6;5451597;3.097e-06;6;22.75;/home/brice/Bureau/L3/OptiTenseurs/instances/trial_cos_like/instance_6_0_cos_like.txt
GreedyEdgeSort;1;16;5463019;1.206e-05;6;22.75;/home/brice/Bureau/L3/OptiTenseurs/instances/trial_cos_like/instance_6_0_cos_like.txt
SplitsDimByDim;1;3;4883379;0.00910758;6;22.75;/home/brice/Bureau/L3/OptiTenseurs/instances/trial_cos_like/instance_6_0_cos_like.txt
AllEdgeByEdge;1;16;4877541;0.497196;6;22.75;/home/brice/Bureau/L3/OptiTenseurs/instances/trial_cos_like/instance_6_0_cos_like.txt
ConvexSplits;1;7;15566523;0.00122033;7;30.6316;/home/brice/Bureau/L3/OptiTenseurs/instances/trial_cos_like/instance_7_0_cos_like.txt
OneSideDimByDim;1;7;15566680;4.226e-06;7;30.6316;/home/brice/Bureau/L3/OptiTenseurs/instances/trial_cos_like/instance_7_0_cos_like.txt
GreedyEdgeSort;1;19;15566694;2.124e-05;7;30.6316;/home/brice/Bureau/L3/OptiTenseurs/instances/trial_cos_like/instance_7_0_cos_like.txt
SplitsDimByDim;1;3;88737163;0.0137618;7;30.6316;/home/brice/Bureau/L3/OptiTenseurs/instances/trial_cos_like/instance_7_0_cos_like.txt
AllEdgeByEdge;1;19;15566523;5.39791;7;30.6316;/home/brice/Bureau/L3/OptiTenseurs/instances/trial_cos_like/instance_7_0_cos_like.txt
ConvexSplits;1;7;5576446;0.00117596;7;27.5789;/home/brice/Bureau/L3/OptiTenseurs/instances/trial_cos_like/instance_7_1_cos_like.txt
OneSideDimByDim;1;7;5576566;3.161e-06;7;27.5789;/home/brice/Bureau/L3/OptiTenseurs/instances/trial_cos_like/instance_7_1_cos_like.txt
GreedyEdgeSort;1;19;8509475;1.9005e-05;7;27.5789;/home/brice/Bureau/L3/OptiTenseurs/instances/trial_cos_like/instance_7_1_cos_like.txt
SplitsDimByDim;1;3;21232022;0.013203;7;27.5789;/home/brice/Bureau/L3/OptiTenseurs/instances/trial_cos_like/instance_7_1_cos_like.txt
AllEdgeByEdge;1;19;5576446;5.49379;7;27.5789;/home/brice/Bureau/L3/OptiTenseurs/instances/trial_cos_like/instance_7_1_cos_like.txt
ConvexSplits;1;7;33073895;0.00137315;7;36.2105;/home/brice/Bureau/L3/OptiTenseurs/instances/trial_cos_like/instance_7_2_cos_like.txt
OneSideDimByDim;1;7;33528804;3.536e-06;7;36.2105;/home/brice/Bureau/L3/OptiTenseurs/instances/trial_cos_like/instance_7_2_cos_like.txt
GreedyEdgeSort;1;19;33532804;1.8657e-05;7;36.2105;/home/brice/Bureau/L3/OptiTenseurs/instances/trial_cos_like/instance_7_2_cos_like.txt
SplitsDimByDim;1;3;362161195;0.0134487;7;36.2105;/home/brice/Bureau/L3/OptiTenseurs/instances/trial_cos_like/instance_7_2_cos_like.txt
AllEdgeByEdge;1;19;33073895;5.40252;7;36.2105;/home/brice/Bureau/L3/OptiTenseurs/instances/trial_cos_like/instance_7_2_cos_like.txt
ConvexSplits;1;7;8228216;0.00108198;7;30.2105;/home/brice/Bureau/L3/OptiTenseurs/instances/trial_cos_like/instance_7_3_cos_like.txt
OneSideDimByDim;1;7;16346096;3.556e-06;7;30.2105;/home/brice/Bureau/L3/OptiTenseurs/instances/trial_cos_like/instance_7_3_cos_like.txt
GreedyEdgeSort;1;19;20089472;1.8481e-05;7;30.2105;/home/brice/Bureau/L3/OptiTenseurs/instances/trial_cos_like/instance_7_3_cos_like.txt
SplitsDimByDim;1;3;19991956;0.0122892;7;30.2105;/home/brice/Bureau/L3/OptiTenseurs/instances/trial_cos_like/instance_7_3_cos_like.txt
AllEdgeByEdge;1;19;8228216;5.40983;7;30.2105;/home/brice/Bureau/L3/OptiTenseurs/instances/trial_cos_like/instance_7_3_cos_like.txt
ConvexSplits;1;7;22834960;0.00117975;7;34.5789;/home/brice/Bureau/L3/OptiTenseurs/instances/trial_cos_like/instance_7_4_cos_like.txt
OneSideDimByDim;1;7;31345878;3.675e-06;7;34.5789;/home/brice/Bureau/L3/OptiTenseurs/instances/trial_cos_like/instance_7_4_cos_like.txt
GreedyEdgeSort;1;19;92598084;1.8867e-05;7;34.5789;/home/brice/Bureau/L3/OptiTenseurs/instances/trial_cos_like/instance_7_4_cos_like.txt
SplitsDimByDim;1;3;92602208;0.0136389;7;34.5789;/home/brice/Bureau/L3/OptiTenseurs/instances/trial_cos_like/instance_7_4_cos_like.txt
AllEdgeByEdge;1;19;22834960;5.42343;7;34.5789;/home/brice/Bureau/L3/OptiTenseurs/instances/trial_cos_like/instance_7_4_cos_like.txt
ConvexSplits;1;8;35194150;0.00201235;8;36.0909;/home/brice/Bureau/L3/OptiTenseurs/instances/trial_cos_like/instance_8_1_cos_like.txt
OneSideDimByDim;1;8;35194195;3.757e-06;8;36.0909;/home/brice/Bureau/L3/OptiTenseurs/instances/trial_cos_like/instance_8_1_cos_like.txt
GreedyEdgeSort;1;22;37345918;2.2509e-05;8;36.0909;/home/brice/Bureau/L3/OptiTenseurs/instances/trial_cos_like/instance_8_1_cos_like.txt
SplitsDimByDim;1;3;464944778;0.0165798;8;36.0909;/home/brice/Bureau/L3/OptiTenseurs/instances/trial_cos_like/instance_8_1_cos_like.txt
AllEdgeByEdge;1;22;35194150;57.0113;8;36.0909;/home/brice/Bureau/L3/OptiTenseurs/instances/trial_cos_like/instance_8_1_cos_like.txt
ConvexSplits;1;8;27139592;0.00194498;8;36.3182;/home/brice/Bureau/L3/OptiTenseurs/instances/trial_cos_like/instance_8_4_cos_like.txt
OneSideDimByDim;1;8;27139767;4.789e-06;8;36.3182;/home/brice/Bureau/L3/OptiTenseurs/instances/trial_cos_like/instance_8_4_cos_like.txt
GreedyEdgeSort;1;22;27139667;2.5223e-05;8;36.3182;/home/brice/Bureau/L3/OptiTenseurs/instances/trial_cos_like/instance_8_4_cos_like.txt
SplitsDimByDim;1;3;675733415;0.0172909;8;36.3182;/home/brice/Bureau/L3/OptiTenseurs/instances/trial_cos_like/instance_8_4_cos_like.txt
AllEdgeByEdge;1;22;27139592;57.147;8;36.3182;/home/brice/Bureau/L3/OptiTenseurs/instances/trial_cos_like/instance_8_4_cos_like.txt
ConvexSplits;1;8;48770615;0.0020179;8;36.5909;/home/brice/Bureau/L3/OptiTenseurs/instances/trial_cos_like/instance_8_3_cos_like.txt
OneSideDimByDim;1;8;48960383;3.938e-06;8;36.5909;/home/brice/Bureau/L3/OptiTenseurs/instances/trial_cos_like/instance_8_3_cos_like.txt
GreedyEdgeSort;1;22;48968174;2.3814e-05;8;36.5909;/home/brice/Bureau/L3/OptiTenseurs/instances/trial_cos_like/instance_8_3_cos_like.txt
SplitsDimByDim;1;3;794638009;0.0168994;8;36.5909;/home/brice/Bureau/L3/OptiTenseurs/instances/trial_cos_like/instance_8_3_cos_like.txt
AllEdgeByEdge;1;22;48770615;57.4668;8;36.5909;/home/brice/Bureau/L3/OptiTenseurs/instances/trial_cos_like/instance_8_3_cos_like.txt
ConvexSplits;1;8;59500757;0.00198501;8;36.7273;/home/brice/Bureau/L3/OptiTenseurs/instances/trial_cos_like/instance_8_2_cos_like.txt
OneSideDimByDim;1;8;59500780;4.49e-06;8;36.7273;/home/brice/Bureau/L3/OptiTenseurs/instances/trial_cos_like/instance_8_2_cos_like.txt
GreedyEdgeSort;1;22;59508300;2.4886e-05;8;36.7273;/home/brice/Bureau/L3/OptiTenseurs/instances/trial_cos_like/instance_8_2_cos_like.txt
SplitsDimByDim;1;3;1396127399;0.0159765;8;36.7273;/home/brice/Bureau/L3/OptiTenseurs/instances/trial_cos_like/instance_8_2_cos_like.txt
AllEdgeByEdge;1;22;59500757;57.6017;8;36.7273;/home/brice/Bureau/L3/OptiTenseurs/instances/trial_cos_like/instance_8_2_cos_like.txt
ConvexSplits;1;8;37205460;0.00202527;8;28.6364;/home/brice/Bureau/L3/OptiTenseurs/instances/trial_cos_like/instance_8_0_cos_like.txt
OneSideDimByDim;1;8;37205508;4.217e-06;8;28.6364;/home/brice/Bureau/L3/OptiTenseurs/instances/trial_cos_like/instance_8_0_cos_like.txt
GreedyEdgeSort;1;22;37213187;2.6114e-05;8;28.6364;/home/brice/Bureau/L3/OptiTenseurs/instances/trial_cos_like/instance_8_0_cos_like.txt
SplitsDimByDim;1;3;448002944;0.0175794;8;28.6364;/home/brice/Bureau/L3/OptiTenseurs/instances/trial_cos_like/instance_8_0_cos_like.txt
AllEdgeByEdge;1;22;37205460;58.8741;8;28.6364;/home/brice/Bureau/L3/OptiTenseurs/instances/trial_cos_like/instance_8_0_cos_like.txt
ConvexSplits;1;9;55199723;0.00327816;9;33.24;/home/brice/Bureau/L3/OptiTenseurs/instances/trial_cos_like/instance_9_0_cos_like.txt
OneSideDimByDim;1;9;57970532;6.848e-06;9;33.24;/home/brice/Bureau/L3/OptiTenseurs/instances/trial_cos_like/instance_9_0_cos_like.txt
GreedyEdgeSort;1;25;58584263;2.9292e-05;9;33.24;/home/brice/Bureau/L3/OptiTenseurs/instances/trial_cos_like/instance_9_0_cos_like.txt
SplitsDimByDim;1;3;1077283881;0.0162468;9;33.24;/home/brice/Bureau/L3/OptiTenseurs/instances/trial_cos_like/instance_9_0_cos_like.txt
AllEdgeByEdge;1;25;55199723;593.818;9;33.24;/home/brice/Bureau/L3/OptiTenseurs/instances/trial_cos_like/instance_9_0_cos_like.txt
ConvexSplits;1;9;41062871;0.00353847;9;39.24;/home/brice/Bureau/L3/OptiTenseurs/instances/trial_cos_like/instance_9_1_cos_like.txt
OneSideDimByDim;1;9;41063212;5.399e-06;9;39.24;/home/brice/Bureau/L3/OptiTenseurs/instances/trial_cos_like/instance_9_1_cos_like.txt
GreedyEdgeSort;1;25;48601176;3.665e-05;9;39.24;/home/brice/Bureau/L3/OptiTenseurs/instances/trial_cos_like/instance_9_1_cos_like.txt
SplitsDimByDim;1;3;1591740081;0.0158049;9;39.24;/home/brice/Bureau/L3/OptiTenseurs/instances/trial_cos_like/instance_9_1_cos_like.txt
AllEdgeByEdge;1;25;41062871;576.796;9;39.24;/home/brice/Bureau/L3/OptiTenseurs/instances/trial_cos_like/instance_9_1_cos_like.txt
ConvexSplits;1;9;45280554;0.00327636;9;38.08;/home/brice/Bureau/L3/OptiTenseurs/instances/trial_cos_like/instance_9_2_cos_like.txt
OneSideDimByDim;1;9;45280744;6.21e-06;9;38.08;/home/brice/Bureau/L3/OptiTenseurs/instances/trial_cos_like/instance_9_2_cos_like.txt
GreedyEdgeSort;1;25;45289652;5.002e-05;9;38.08;/home/brice/Bureau/L3/OptiTenseurs/instances/trial_cos_like/instance_9_2_cos_like.txt
SplitsDimByDim;1;3;1749066702;0.01556;9;38.08;/home/brice/Bureau/L3/OptiTenseurs/instances/trial_cos_like/instance_9_2_cos_like.txt
AllEdgeByEdge;1;25;45280554;586.308;9;38.08;/home/brice/Bureau/L3/OptiTenseurs/instances/trial_cos_like/instance_9_2_cos_like.txt
ConvexSplits;1;9;51811355;0.00303085;9;38.2;/home/brice/Bureau/L3/OptiTenseurs/instances/trial_cos_like/instance_9_3_cos_like.txt
OneSideDimByDim;1;9;56309754;5.805e-06;9;38.2;/home/brice/Bureau/L3/OptiTenseurs/instances/trial_cos_like/instance_9_3_cos_like.txt
GreedyEdgeSort;1;25;57598791;3.4845e-05;9;38.2;/home/brice/Bureau/L3/OptiTenseurs/instances/trial_cos_like/instance_9_3_cos_like.txt
SplitsDimByDim;1;3;1399011869;0.0147663;9;38.2;/home/brice/Bureau/L3/OptiTenseurs/instances/trial_cos_like/instance_9_3_cos_like.txt
AllEdgeByEdge;1;25;51811355;565.583;9;38.2;/home/brice/Bureau/L3/OptiTenseurs/instances/trial_cos_like/instance_9_3_cos_like.txt
ConvexSplits;1;9;40387257;0.00311829;9;30.68;/home/brice/Bureau/L3/OptiTenseurs/instances/trial_cos_like/instance_9_4_cos_like.txt
OneSideDimByDim;1;9;47936292;4.992e-06;9;30.68;/home/brice/Bureau/L3/OptiTenseurs/instances/trial_cos_like/instance_9_4_cos_like.txt
GreedyEdgeSort;1;25;49209729;2.6281e-05;9;30.68;/home/brice/Bureau/L3/OptiTenseurs/instances/trial_cos_like/instance_9_4_cos_like.txt
SplitsDimByDim;1;3;633936645;0.0161555;9;30.68;/home/brice/Bureau/L3/OptiTenseurs/instances/trial_cos_like/instance_9_4_cos_like.txt
AllEdgeByEdge;1;25;40387257;562.06;9;30.68;/home/brice/Bureau/L3/OptiTenseurs/instances/trial_cos_like/instance_9_4_cos_like.txt
ConvexSplits;1;10;74633176;0.00482251;10;38.5;/home/brice/Bureau/L3/OptiTenseurs/instances/trial_cos_like/instance_10_0_cos_like.txt
OneSideDimByDim;1;10;75505748;6.284e-06;10;38.5;/home/brice/Bureau/L3/OptiTenseurs/instances/trial_cos_like/instance_10_0_cos_like.txt
GreedyEdgeSort;1;28;75796336;3.3598e-05;10;38.5;/home/brice/Bureau/L3/OptiTenseurs/instances/trial_cos_like/instance_10_0_cos_like.txt
SplitsDimByDim;1;3;2757499448;0.0168423;10;38.5;/home/brice/Bureau/L3/OptiTenseurs/instances/trial_cos_like/instance_10_0_cos_like.txt
ConvexSplits;1;10;45169560;0.00494144;10;37.2143;/home/brice/Bureau/L3/OptiTenseurs/instances/trial_cos_like/instance_10_1_cos_like.txt
OneSideDimByDim;1;10;45680850;5.911e-06;10;37.2143;/home/brice/Bureau/L3/OptiTenseurs/instances/trial_cos_like/instance_10_1_cos_like.txt
GreedyEdgeSort;1;28;45760614;4.7406e-05;10;37.2143;/home/brice/Bureau/L3/OptiTenseurs/instances/trial_cos_like/instance_10_1_cos_like.txt
SplitsDimByDim;1;3;1908318379;0.0147939;10;37.2143;/home/brice/Bureau/L3/OptiTenseurs/instances/trial_cos_like/instance_10_1_cos_like.txt
ConvexSplits;1;10;46021760;0.00490017;10;37.7143;/home/brice/Bureau/L3/OptiTenseurs/instances/trial_cos_like/instance_10_2_cos_like.txt
OneSideDimByDim;1;10;54631980;5.21e-06;10;37.7143;/home/brice/Bureau/L3/OptiTenseurs/instances/trial_cos_like/instance_10_2_cos_like.txt
GreedyEdgeSort;1;28;54636468;3.2975e-05;10;37.7143;/home/brice/Bureau/L3/OptiTenseurs/instances/trial_cos_like/instance_10_2_cos_like.txt
SplitsDimByDim;1;3;1828971768;0.0149879;10;37.7143;/home/brice/Bureau/L3/OptiTenseurs/instances/trial_cos_like/instance_10_2_cos_like.txt
ConvexSplits;1;10;56268886;0.00476808;10;36.1071;/home/brice/Bureau/L3/OptiTenseurs/instances/trial_cos_like/instance_10_3_cos_like.txt
OneSideDimByDim;1;10;59234162;5.777e-06;10;36.1071;/home/brice/Bureau/L3/OptiTenseurs/instances/trial_cos_like/instance_10_3_cos_like.txt
GreedyEdgeSort;1;28;60929233;3.8245e-05;10;36.1071;/home/brice/Bureau/L3/OptiTenseurs/instances/trial_cos_like/instance_10_3_cos_like.txt
SplitsDimByDim;1;3;1057483608;0.014852;10;36.1071;/home/brice/Bureau/L3/OptiTenseurs/instances/trial_cos_like/instance_10_3_cos_like.txt
ConvexSplits;1;10;42021054;0.00493345;10;36.8571;/home/brice/Bureau/L3/OptiTenseurs/instances/trial_cos_like/instance_10_4_cos_like.txt
OneSideDimByDim;1;10;45533794;5.325e-06;10;36.8571;/home/brice/Bureau/L3/OptiTenseurs/instances/trial_cos_like/instance_10_4_cos_like.txt
GreedyEdgeSort;1;28;46733024;3.7587e-05;10;36.8571;/home/brice/Bureau/L3/OptiTenseurs/instances/trial_cos_like/instance_10_4_cos_like.txt
SplitsDimByDim;1;3;1457411471;0.0149823;10;36.8571;/home/brice/Bureau/L3/OptiTenseurs/instances/trial_cos_like/instance_10_4_cos_like.txt
ConvexSplits;1;20;151032012;0.172046;20;39.3276;/home/brice/Bureau/L3/OptiTenseurs/instances/trial_cos_like/instance_20_0_cos_like.txt
OneSideDimByDim;1;20;151032880;1.791e-05;20;39.3276;/home/brice/Bureau/L3/OptiTenseurs/instances/trial_cos_like/instance_20_0_cos_like.txt
GreedyEdgeSort;1;58;151048804;0.00024168;20;39.3276;/home/brice/Bureau/L3/OptiTenseurs/instances/trial_cos_like/instance_20_0_cos_like.txt
SplitsDimByDim;1;3;7295016258;0.0324601;20;39.3276;/home/brice/Bureau/L3/OptiTenseurs/instances/trial_cos_like/instance_20_0_cos_like.txt
ConvexSplits;1;20;124652454;0.168704;20;38.5172;/home/brice/Bureau/L3/OptiTenseurs/instances/trial_cos_like/instance_20_4_cos_like.txt
OneSideDimByDim;1;20;124652463;2.1007e-05;20;38.5172;/home/brice/Bureau/L3/OptiTenseurs/instances/trial_cos_like/instance_20_4_cos_like.txt
GreedyEdgeSort;1;58;132595585;0.000290058;20;38.5172;/home/brice/Bureau/L3/OptiTenseurs/instances/trial_cos_like/instance_20_4_cos_like.txt
SplitsDimByDim;1;3;6261477451;0.0324987;20;38.5172;/home/brice/Bureau/L3/OptiTenseurs/instances/trial_cos_like/instance_20_4_cos_like.txt
ConvexSplits;1;20;157230491;0.171922;20;38.8621;/home/brice/Bureau/L3/OptiTenseurs/instances/trial_cos_like/instance_20_3_cos_like.txt
OneSideDimByDim;1;20;157267809;2.0756e-05;20;38.8621;/home/brice/Bureau/L3/OptiTenseurs/instances/trial_cos_like/instance_20_3_cos_like.txt
GreedyEdgeSort;1;58;157284795;0.000279928;20;38.8621;/home/brice/Bureau/L3/OptiTenseurs/instances/trial_cos_like/instance_20_3_cos_like.txt
SplitsDimByDim;1;3;7812205394;0.0330392;20;38.8621;/home/brice/Bureau/L3/OptiTenseurs/instances/trial_cos_like/instance_20_3_cos_like.txt
ConvexSplits;1;20;91758095;0.170102;20;37.4655;/home/brice/Bureau/L3/OptiTenseurs/instances/trial_cos_like/instance_20_1_cos_like.txt
OneSideDimByDim;1;20;91770630;1.6428e-05;20;37.4655;/home/brice/Bureau/L3/OptiTenseurs/instances/trial_cos_like/instance_20_1_cos_like.txt
GreedyEdgeSort;1;58;91789100;0.000191617;20;37.4655;/home/brice/Bureau/L3/OptiTenseurs/instances/trial_cos_like/instance_20_1_cos_like.txt
SplitsDimByDim;1;3;4320621799;0.0323403;20;37.4655;/home/brice/Bureau/L3/OptiTenseurs/instances/trial_cos_like/instance_20_1_cos_like.txt
ConvexSplits;1;20;130401115;0.171656;20;39.4828;/home/brice/Bureau/L3/OptiTenseurs/instances/trial_cos_like/instance_20_2_cos_like.txt
OneSideDimByDim;1;20;130402827;1.7121e-05;20;39.4828;/home/brice/Bureau/L3/OptiTenseurs/instances/trial_cos_like/instance_20_2_cos_like.txt
GreedyEdgeSort;1;58;163627266;0.000242316;20;39.4828;/home/brice/Bureau/L3/OptiTenseurs/instances/trial_cos_like/instance_20_2_cos_like.txt
SplitsDimByDim;1;3;6042117976;0.0323504;20;39.4828;/home/brice/Bureau/L3/OptiTenseurs/instances/trial_cos_like/instance_20_2_cos_like.txt
ConvexSplits;1;30;187836171;1.5981;30;37.9545;/home/brice/Bureau/L3/OptiTenseurs/instances/trial_cos_like/instance_30_0_cos_like.txt
OneSideDimByDim;1;30;187836247;4.7729e-05;30;37.9545;/home/brice/Bureau/L3/OptiTenseurs/instances/trial_cos_like/instance_30_0_cos_like.txt
GreedyEdgeSort;1;88;188364877;0.000616182;30;37.9545;/home/brice/Bureau/L3/OptiTenseurs/instances/trial_cos_like/instance_30_0_cos_like.txt
SplitsDimByDim;1;3;9444404329;0.0520698;30;37.9545;/home/brice/Bureau/L3/OptiTenseurs/instances/trial_cos_like/instance_30_0_cos_like.txt
ConvexSplits;1;30;190853433;1.61848;30;38.9091;/home/brice/Bureau/L3/OptiTenseurs/instances/trial_cos_like/instance_30_1_cos_like.txt
OneSideDimByDim;1;30;190853477;4.6615e-05;30;38.9091;/home/brice/Bureau/L3/OptiTenseurs/instances/trial_cos_like/instance_30_1_cos_like.txt
GreedyEdgeSort;1;88;190989757;0.000709018;30;38.9091;/home/brice/Bureau/L3/OptiTenseurs/instances/trial_cos_like/instance_30_1_cos_like.txt
SplitsDimByDim;1;3;9057987444;0.0520476;30;38.9091;/home/brice/Bureau/L3/OptiTenseurs/instances/trial_cos_like/instance_30_1_cos_like.txt
ConvexSplits;1;30;210138852;1.62237;30;38.9545;/home/brice/Bureau/L3/OptiTenseurs/instances/trial_cos_like/instance_30_2_cos_like.txt
OneSideDimByDim;1;30;210138874;4.1931e-05;30;38.9545;/home/brice/Bureau/L3/OptiTenseurs/instances/trial_cos_like/instance_30_2_cos_like.txt
GreedyEdgeSort;1;88;210906765;0.000692636;30;38.9545;/home/brice/Bureau/L3/OptiTenseurs/instances/trial_cos_like/instance_30_2_cos_like.txt
SplitsDimByDim;1;3;10025610155;0.0521336;30;38.9545;/home/brice/Bureau/L3/OptiTenseurs/instances/trial_cos_like/instance_30_2_cos_like.txt
ConvexSplits;1;30;248481800;1.63242;30;38.8295;/home/brice/Bureau/L3/OptiTenseurs/instances/trial_cos_like/instance_30_3_cos_like.txt
OneSideDimByDim;1;30;248481899;3.5172e-05;30;38.8295;/home/brice/Bureau/L3/OptiTenseurs/instances/trial_cos_like/instance_30_3_cos_like.txt
GreedyEdgeSort;1;88;249093668;0.000761267;30;38.8295;/home/brice/Bureau/L3/OptiTenseurs/instances/trial_cos_like/instance_30_3_cos_like.txt
SplitsDimByDim;1;3;12171863571;0.0527027;30;38.8295;/home/brice/Bureau/L3/OptiTenseurs/instances/trial_cos_like/instance_30_3_cos_like.txt
ConvexSplits;1;30;166585353;1.59161;30;38.2955;/home/brice/Bureau/L3/OptiTenseurs/instances/trial_cos_like/instance_30_4_cos_like.txt
OneSideDimByDim;1;30;166585456;4.4683e-05;30;38.2955;/home/brice/Bureau/L3/OptiTenseurs/instances/trial_cos_like/instance_30_4_cos_like.txt
GreedyEdgeSort;1;88;175133889;0.000718579;30;38.2955;/home/brice/Bureau/L3/OptiTenseurs/instances/trial_cos_like/instance_30_4_cos_like.txt
SplitsDimByDim;1;3;7693929173;0.0520711;30;38.2955;/home/brice/Bureau/L3/OptiTenseurs/instances/trial_cos_like/instance_30_4_cos_like.txt
ConvexSplits;1;40;217345490;9.58503;40;38.0339;/home/brice/Bureau/L3/OptiTenseurs/instances/trial_cos_like/instance_40_0_cos_like.txt
OneSideDimByDim;1;40;217345555;7.1368e-05;40;38.0339;/home/brice/Bureau/L3/OptiTenseurs/instances/trial_cos_like/instance_40_0_cos_like.txt
GreedyEdgeSort;1;118;217843694;0.00143082;40;38.0339;/home/brice/Bureau/L3/OptiTenseurs/instances/trial_cos_like/instance_40_0_cos_like.txt
SplitsDimByDim;1;3;9223372036854775807;0.00213391;40;38.0339;/home/brice/Bureau/L3/OptiTenseurs/instances/trial_cos_like/instance_40_0_cos_like.txt
ConvexSplits;1;40;258152285;9.90272;40;38.6949;/home/brice/Bureau/L3/OptiTenseurs/instances/trial_cos_like/instance_40_1_cos_like.txt
OneSideDimByDim;1;40;258154705;7.1867e-05;40;38.6949;/home/brice/Bureau/L3/OptiTenseurs/instances/trial_cos_like/instance_40_1_cos_like.txt
GreedyEdgeSort;1;118;258347107;0.00141391;40;38.6949;/home/brice/Bureau/L3/OptiTenseurs/instances/trial_cos_like/instance_40_1_cos_like.txt
SplitsDimByDim;1;3;9223372036854775807;0.00218368;40;38.6949;/home/brice/Bureau/L3/OptiTenseurs/instances/trial_cos_like/instance_40_1_cos_like.txt
ConvexSplits;1;40;296917163;9.73063;40;38.9322;/home/brice/Bureau/L3/OptiTenseurs/instances/trial_cos_like/instance_40_2_cos_like.txt
OneSideDimByDim;1;40;296917181;6.1379e-05;40;38.9322;/home/brice/Bureau/L3/OptiTenseurs/instances/trial_cos_like/instance_40_2_cos_like.txt
GreedyEdgeSort;1;118;310876085;0.00159922;40;38.9322;/home/brice/Bureau/L3/OptiTenseurs/instances/trial_cos_like/instance_40_2_cos_like.txt
SplitsDimByDim;1;3;9223372036854775807;0.00212301;40;38.9322;/home/brice/Bureau/L3/OptiTenseurs/instances/trial_cos_like/instance_40_2_cos_like.txt
ConvexSplits;1;40;246221207;9.56377;40;38.4746;/home/brice/Bureau/L3/OptiTenseurs/instances/trial_cos_like/instance_40_3_cos_like.txt
OneSideDimByDim;1;40;246221231;6.2515e-05;40;38.4746;/home/brice/Bureau/L3/OptiTenseurs/instances/trial_cos_like/instance_40_3_cos_like.txt
GreedyEdgeSort;1;118;260990922;0.00165834;40;38.4746;/home/brice/Bureau/L3/OptiTenseurs/instances/trial_cos_like/instance_40_3_cos_like.txt
SplitsDimByDim;1;3;9223372036854775807;0.00243578;40;38.4746;/home/brice/Bureau/L3/OptiTenseurs/instances/trial_cos_like/instance_40_3_cos_like.txt
ConvexSplits;1;40;238794380;9.61007;40;37.8983;/home/brice/Bureau/L3/OptiTenseurs/instances/trial_cos_like/instance_40_4_cos_like.txt
OneSideDimByDim;1;40;238794428;6.7233e-05;40;37.8983;/home/brice/Bureau/L3/OptiTenseurs/instances/trial_cos_like/instance_40_4_cos_like.txt
GreedyEdgeSort;1;118;239047248;0.00166111;40;37.8983;/home/brice/Bureau/L3/OptiTenseurs/instances/trial_cos_like/instance_40_4_cos_like.txt
SplitsDimByDim;1;3;9223372036854775807;0.00243967;40;37.8983;/home/brice/Bureau/L3/OptiTenseurs/instances/trial_cos_like/instance_40_4_cos_like.txt
ConvexSplits;1;50;286443803;36.7463;50;37.8919;/home/brice/Bureau/L3/OptiTenseurs/instances/trial_cos_like/instance_50_1_cos_like.txt
OneSideDimByDim;1;50;286443809;0.000102623;50;37.8919;/home/brice/Bureau/L3/OptiTenseurs/instances/trial_cos_like/instance_50_1_cos_like.txt
GreedyEdgeSort;1;148;296637148;0.00254857;50;37.8919;/home/brice/Bureau/L3/OptiTenseurs/instances/trial_cos_like/instance_50_1_cos_like.txt
SplitsDimByDim;1;3;9223372036854775807;0.00253016;50;37.8919;/home/brice/Bureau/L3/OptiTenseurs/instances/trial_cos_like/instance_50_1_cos_like.txt
ConvexSplits;1;50;364501913;36.0325;50;38.2838;/home/brice/Bureau/L3/OptiTenseurs/instances/trial_cos_like/instance_50_4_cos_like.txt
OneSideDimByDim;1;50;364501913;0.000118425;50;38.2838;/home/brice/Bureau/L3/OptiTenseurs/instances/trial_cos_like/instance_50_4_cos_like.txt
GreedyEdgeSort;1;148;365267184;0.00262103;50;38.2838;/home/brice/Bureau/L3/OptiTenseurs/instances/trial_cos_like/instance_50_4_cos_like.txt
SplitsDimByDim;1;3;9223372036854775807;0.00247681;50;38.2838;/home/brice/Bureau/L3/OptiTenseurs/instances/trial_cos_like/instance_50_4_cos_like.txt
ConvexSplits;1;50;300643038;35.5601;50;38.0811;/home/brice/Bureau/L3/OptiTenseurs/instances/trial_cos_like/instance_50_3_cos_like.txt
OneSideDimByDim;1;50;300643092;0.000130268;50;38.0811;/home/brice/Bureau/L3/OptiTenseurs/instances/trial_cos_like/instance_50_3_cos_like.txt
GreedyEdgeSort;1;148;327045107;0.00268692;50;38.0811;/home/brice/Bureau/L3/OptiTenseurs/instances/trial_cos_like/instance_50_3_cos_like.txt
SplitsDimByDim;1;3;9223372036854775807;0.00297805;50;38.0811;/home/brice/Bureau/L3/OptiTenseurs/instances/trial_cos_like/instance_50_3_cos_like.txt
ConvexSplits;1;50;313521882;36.2745;50;38.1081;/home/brice/Bureau/L3/OptiTenseurs/instances/trial_cos_like/instance_50_2_cos_like.txt
OneSideDimByDim;1;50;313521882;9.7109e-05;50;38.1081;/home/brice/Bureau/L3/OptiTenseurs/instances/trial_cos_like/instance_50_2_cos_like.txt
GreedyEdgeSort;1;148;334681198;0.00293097;50;38.1081;/home/brice/Bureau/L3/OptiTenseurs/instances/trial_cos_like/instance_50_2_cos_like.txt
SplitsDimByDim;1;3;9223372036854775807;0.00252099;50;38.1081;/home/brice/Bureau/L3/OptiTenseurs/instances/trial_cos_like/instance_50_2_cos_like.txt
ConvexSplits;1;50;374520566;35.1161;50;38.6622;/home/brice/Bureau/L3/OptiTenseurs/instances/trial_cos_like/instance_50_0_cos_like.txt
OneSideDimByDim;1;50;374520586;9.874e-05;50;38.6622;/home/brice/Bureau/L3/OptiTenseurs/instances/trial_cos_like/instance_50_0_cos_like.txt
GreedyEdgeSort;1;148;389326377;0.00265877;50;38.6622;/home/brice/Bureau/L3/OptiTenseurs/instances/trial_cos_like/instance_50_0_cos_like.txt
SplitsDimByDim;1;3;9223372036854775807;0.00270782;50;38.6622;/home/brice/Bureau/L3/OptiTenseurs/instances/trial_cos_like/instance_50_0_cos_like.txt
ConvexSplits;1;60;370855095;107.011;60;38.8596;/home/brice/Bureau/L3/OptiTenseurs/instances/trial_cos_like/instance_60_0_cos_like.txt
OneSideDimByDim;1;60;370855133;0.000147984;60;38.8596;/home/brice/Bureau/L3/OptiTenseurs/instances/trial_cos_like/instance_60_0_cos_like.txt
GreedyEdgeSort;1;178;383907510;0.00414756;60;38.8596;/home/brice/Bureau/L3/OptiTenseurs/instances/trial_cos_like/instance_60_0_cos_like.txt
SplitsDimByDim;1;3;9223372036854775807;0.00166954;60;38.8596;/home/brice/Bureau/L3/OptiTenseurs/instances/trial_cos_like/instance_60_0_cos_like.txt
ConvexSplits;1;60;355305232;108.37;60;37.9494;/home/brice/Bureau/L3/OptiTenseurs/instances/trial_cos_like/instance_60_1_cos_like.txt
OneSideDimByDim;1;60;355305253;0.000173552;60;37.9494;/home/brice/Bureau/L3/OptiTenseurs/instances/trial_cos_like/instance_60_1_cos_like.txt
GreedyEdgeSort;1;178;378141201;0.00406641;60;37.9494;/home/brice/Bureau/L3/OptiTenseurs/instances/trial_cos_like/instance_60_1_cos_like.txt
SplitsDimByDim;1;3;9223372036854775807;0.00155804;60;37.9494;/home/brice/Bureau/L3/OptiTenseurs/instances/trial_cos_like/instance_60_1_cos_like.txt
ConvexSplits;1;60;412392487;104.132;60;38.9101;/home/brice/Bureau/L3/OptiTenseurs/instances/trial_cos_like/instance_60_2_cos_like.txt
OneSideDimByDim;1;60;412392538;0.000146128;60;38.9101;/home/brice/Bureau/L3/OptiTenseurs/instances/trial_cos_like/instance_60_2_cos_like.txt
GreedyEdgeSort;1;178;422500704;0.00396114;60;38.9101;/home/brice/Bureau/L3/OptiTenseurs/instances/trial_cos_like/instance_60_2_cos_like.txt
SplitsDimByDim;1;3;9223372036854775807;0.00167362;60;38.9101;/home/brice/Bureau/L3/OptiTenseurs/instances/trial_cos_like/instance_60_2_cos_like.txt
ConvexSplits;1;60;375283809;111.521;60;37.9831;/home/brice/Bureau/L3/OptiTenseurs/instances/trial_cos_like/instance_60_3_cos_like.txt
OneSideDimByDim;1;60;375283819;0.000148293;60;37.9831;/home/brice/Bureau/L3/OptiTenseurs/instances/trial_cos_like/instance_60_3_cos_like.txt
GreedyEdgeSort;1;178;402412685;0.00450352;60;37.9831;/home/brice/Bureau/L3/OptiTenseurs/instances/trial_cos_like/instance_60_3_cos_like.txt
SplitsDimByDim;1;3;9223372036854775807;0.00170945;60;37.9831;/home/brice/Bureau/L3/OptiTenseurs/instances/trial_cos_like/instance_60_3_cos_like.txt
ConvexSplits;1;60;360248503;107.337;60;38.1798;/home/brice/Bureau/L3/OptiTenseurs/instances/trial_cos_like/instance_60_4_cos_like.txt
OneSideDimByDim;1;60;360248503;0.000148377;60;38.1798;/home/brice/Bureau/L3/OptiTenseurs/instances/trial_cos_like/instance_60_4_cos_like.txt
GreedyEdgeSort;1;178;364199991;0.00408343;60;38.1798;/home/brice/Bureau/L3/OptiTenseurs/instances/trial_cos_like/instance_60_4_cos_like.txt
SplitsDimByDim;1;3;9223372036854775807;0.00172173;60;38.1798;/home/brice/Bureau/L3/OptiTenseurs/instances/trial_cos_like/instance_60_4_cos_like.txt
ConvexSplits;1;70;442151494;256.401;70;38.4952;/home/brice/Bureau/L3/OptiTenseurs/instances/trial_cos_like/instance_70_0_cos_like.txt
OneSideDimByDim;1;70;442153348;0.00029082;70;38.4952;/home/brice/Bureau/L3/OptiTenseurs/instances/trial_cos_like/instance_70_0_cos_like.txt
GreedyEdgeSort;1;208;463825389;0.00622849;70;38.4952;/home/brice/Bureau/L3/OptiTenseurs/instances/trial_cos_like/instance_70_0_cos_like.txt
SplitsDimByDim;1;3;9223372036854775807;0.000435432;70;38.4952;/home/brice/Bureau/L3/OptiTenseurs/instances/trial_cos_like/instance_70_0_cos_like.txt
ConvexSplits;1;70;120815991;252.968;70;37.9663;/home/brice/Bureau/L3/OptiTenseurs/instances/trial_cos_like/instance_70_1_cos_like.txt
OneSideDimByDim;1;70;433354505;0.000248167;70;37.9663;/home/brice/Bureau/L3/OptiTenseurs/instances/trial_cos_like/instance_70_1_cos_like.txt
GreedyEdgeSort;1;208;438314428;0.00687124;70;37.9663;/home/brice/Bureau/L3/OptiTenseurs/instances/trial_cos_like/instance_70_1_cos_like.txt
SplitsDimByDim;1;3;9223372036854775807;0.000512306;70;37.9663;/home/brice/Bureau/L3/OptiTenseurs/instances/trial_cos_like/instance_70_1_cos_like.txt
ConvexSplits;1;70;418028473;256.351;70;37.9808;/home/brice/Bureau/L3/OptiTenseurs/instances/trial_cos_like/instance_70_2_cos_like.txt
OneSideDimByDim;1;70;418028492;0.000213341;70;37.9808;/home/brice/Bureau/L3/OptiTenseurs/instances/trial_cos_like/instance_70_2_cos_like.txt
GreedyEdgeSort;1;208;434935732;0.00697947;70;37.9808;/home/brice/Bureau/L3/OptiTenseurs/instances/trial_cos_like/instance_70_2_cos_like.txt
SplitsDimByDim;1;3;9223372036854775807;0.000377002;70;37.9808;/home/brice/Bureau/L3/OptiTenseurs/instances/trial_cos_like/instance_70_2_cos_like.txt
ConvexSplits;1;70;398274489;266.981;70;38.7548;/home/brice/Bureau/L3/OptiTenseurs/instances/trial_cos_like/instance_70_3_cos_like.txt
OneSideDimByDim;1;70;398274548;0.000256463;70;38.7548;/home/brice/Bureau/L3/OptiTenseurs/instances/trial_cos_like/instance_70_3_cos_like.txt
GreedyEdgeSort;1;208;428195059;0.00724992;70;38.7548;/home/brice/Bureau/L3/OptiTenseurs/instances/trial_cos_like/instance_70_3_cos_like.txt
SplitsDimByDim;1;3;9223372036854775807;0.000526404;70;38.7548;/home/brice/Bureau/L3/OptiTenseurs/instances/trial_cos_like/instance_70_3_cos_like.txt
ConvexSplits;1;70;421784203;271.47;70;38.0144;/home/brice/Bureau/L3/OptiTenseurs/instances/trial_cos_like/instance_70_4_cos_like.txt
OneSideDimByDim;1;70;421784215;0.000209827;70;38.0144;/home/brice/Bureau/L3/OptiTenseurs/instances/trial_cos_like/instance_70_4_cos_like.txt
GreedyEdgeSort;1;208;437334229;0.00728764;70;38.0144;/home/brice/Bureau/L3/OptiTenseurs/instances/trial_cos_like/instance_70_4_cos_like.txt
SplitsDimByDim;1;3;9223372036854775807;0.000428079;70;38.0144;/home/brice/Bureau/L3/OptiTenseurs/instances/trial_cos_like/instance_70_4_cos_like.txt
